Keyword,KD,Volume
ai search visibility,Hard,>1000
ai search visibility tool,Medium,>1000
ai search visibility metrics kpis,N/A,>1000
ai search visibility tools,N/A,>1000
best ai search visibility tools,N/A,>100
ai search visibility tracking tools,N/A,>100
ai search visibility checker,N/A,>100
ai search visibility tracker,N/A,>100
ai search visibility platform,Medium,>100
ai search visibility optimization tools,N/A,>100
best ai search visibility tracking tools,N/A,>100
best ai search visibility software,N/A,>100
best tools for ai search visibility,N/A,>100
ai search visibility tools comparison,N/A,>100
